{"announced": 0.009516751325394843, "find": 0.006590612596108474, "put": 0.00852915868654065, "al": 0.009702722957781663, "san": 0.006715518916368279, "themselves": 0.005261054209342993, "established": 0.009303577872151442, "ground": 0.008018430621478336, "union": 0.00675826463485719, "stars": 0.005055097565714603, "help": 0.008251033946762151, "move": 0.00671440863796597, "street": 0.00863574541316235, "f": 0.009830404974047243, "route": 0.009351319843450745, "hurricane": 0.005165015127543231, "minutes": 0.006422960557359758, "hard": 0.0051744524939628615, "real": 0.007360035528908874, "j": 0.007896855136425459, "leader": 0.005279373802981098, "towards": 0.008083381908013434, "leading": 0.008501956865684071, "z": 0.005725705720709468, "always": 0.005066200349737697, "key": 0.0052388486412968055, "sometimes": 0.006190912371277097, "free": 0.00890554306492353, "case": 0.008143336941738142, "los": 0.005303244788630749, "nature": 0.00544425014572404, "bar": 0.0054187137424709245, "followed": 0.009946984206289727, "earlier": 0.007578205234962667, "playing": 0.00861909123712771, "training": 0.006513448247147972, "square": 0.005136703028284342, "reached": 0.009573930663113775, "turned": 0.0068415355150303935, "art": 0.008379271102228884}